epoch,train_err
1,0.50225
2,0.50225
3,0.50225
4,0.48175
5,0.487125
6,0.48725
7,0.453875
8,0.455
9,0.44975
10,0.441
11,0.440625
12,0.44425
13,0.440125
14,0.44225
15,0.440875
16,0.438125
17,0.43975
18,0.43975
19,0.439125
20,0.440125
21,0.437375
22,0.433875
23,0.434625
24,0.433375
25,0.42675
26,0.422625
27,0.41825
28,0.4125
29,0.401375
30,0.39175
31,0.3805
32,0.36925
33,0.361375
34,0.3575
35,0.356125
36,0.348125
37,0.341125
38,0.34425
39,0.349125
40,0.3395
41,0.336
42,0.335125
43,0.321875
44,0.31925
45,0.316125
46,0.30925
47,0.312375
48,0.307125
49,0.304
50,0.300625
