epoch,train_err
1,0.47375
2,0.396375
3,0.3565
4,0.327
5,0.30425
6,0.29
7,0.27825
8,0.264125
9,0.259625
10,0.23675
11,0.22075
12,0.205375
13,0.199625
14,0.181625
15,0.166375
16,0.157375
17,0.150125
18,0.129625
19,0.1335
20,0.139875
21,0.12175
22,0.119
23,0.114625
24,0.124625
25,0.1295
26,0.1265
27,0.1555
28,0.327625
29,0.392625
30,0.367375
31,0.498375
32,0.498375
33,0.504625
34,0.50725
35,0.499
36,0.49725
37,0.49375
38,0.5
39,0.4985
40,0.50075
41,0.5015
42,0.50675
43,0.50025
44,0.4975
45,0.49475
46,0.49675
47,0.50175
48,0.5025
49,0.5095
50,0.4985
