epoch,train_err
1,0.50875
2,0.468875
3,0.447375
4,0.437375
5,0.397625
6,0.358625
7,0.337
8,0.325875
9,0.310875
10,0.290125
11,0.27575
12,0.25775
13,0.253625
14,0.247375
15,0.227625
16,0.21425
17,0.207
18,0.198875
19,0.183625
20,0.176125
21,0.16025
22,0.15625
23,0.14175
24,0.127875
25,0.11625
26,0.103125
27,0.091625
28,0.078
29,0.0715
30,0.072125
31,0.0595
32,0.0625
33,0.043875
34,0.0385
35,0.030875
36,0.039125
37,0.032875
38,0.01775
39,0.035625
40,0.038375
41,0.033125
42,0.019375
43,0.01725
44,0.0155
45,0.01125
46,0.011625
47,0.01575
48,0.012125
49,0.005375
50,0.0045
